{
  "schemaVersion": 1,
  "id": "prism",
  "version": "${version}",

  "name": "Prism Mod",
  "description": "Minecraft Reimagined",
  "authors": [
    "StakeTheSteak"
  ],
  "contact": {
    "homepage": "https://www.limitlesstextures.com/",
    "sources": "https://github.com/limitless/coming-soon"
  },

  "license": "MIT License",
  "icon": "assets/prism/icon.png",

  "environment": "*",
  "entrypoints": {
    "main": [
      "net.limitless.prism.Prism"
    ],
    "client": [
      "net.limitless.prism.PrismClient"
    ]
  },
  "mixins": [
    "prism.mixins.json"
  ],

  "depends": {
    "fabricloader": ">=0.14.6",
    "fabric": "*",
    "minecraft": "~1.19",
    "java": ">=17"
  },
  "suggests": {
    "another-mod": "*"
  }
}
