{
	"credit": "Made with Blockbench",
	"parent": "block/cube_all",
	"textures": {
		"all": "prism:block/stone_bricks"
	},
	"elements": [
		{
			"from": [0, 0, 0],
			"to": [16, 10, 16],
			"faces": {
				"north": {"uv": [0, 0, 16, 10], "texture": "#all"},
				"east": {"uv": [0, 0, 16, 10], "texture": "#all"},
				"south": {"uv": [0, 0, 16, 10], "texture": "#all"},
				"west": {"uv": [0, 0, 16, 10], "texture": "#all"},
				"up": {"uv": [0, 0, 16, 16], "texture": "#all"},
				"down": {"uv": [0, 0, 16, 16], "texture": "#all"}
			}
		},
		{
			"from": [0, 10, 12],
			"to": [16, 16, 16],
			"faces": {
				"north": {"uv": [0, 0, 16, 6], "texture": "#all"},
				"east": {"uv": [0, 0, 4, 6], "texture": "#all"},
				"south": {"uv": [0, 0, 16, 6], "texture": "#all"},
				"west": {"uv": [0, 0, 4, 6], "texture": "#all"},
				"up": {"uv": [0, 0, 16, 4], "texture": "#all"},
				"down": {"uv": [0, 0, 16, 4], "texture": "#all"}
			}
		},
		{
			"from": [0, 10, 4],
			"to": [16, 16, 8],
			"faces": {
				"north": {"uv": [0, 0, 16, 6], "texture": "#all"},
				"east": {"uv": [0, 0, 4, 6], "texture": "#all"},
				"south": {"uv": [0, 0, 16, 6], "texture": "#all"},
				"west": {"uv": [0, 0, 4, 6], "texture": "#all"},
				"up": {"uv": [0, 0, 16, 4], "texture": "#all"},
				"down": {"uv": [0, 0, 16, 4], "texture": "#all"}
			}
		}
	]
}